<?xml version="1.0" encoding="UTF-8"?>
<project-private xmlns="http://www.netbeans.org/ns/project-private/1">
    <editor-bookmarks xmlns="http://www.netbeans.org/ns/editor-bookmarks/2" lastBookmarkId="0"/>
    <open-files xmlns="http://www.netbeans.org/ns/projectui-open-files/2">
        <group>
            <file>file:/C:/Users/pc/Documents/NetBeansProjects/MucahitYildirim_190309008_NesneTabProg_Proje/src/Proje/Ejderha.java</file>
            <file>file:/C:/Users/pc/Documents/NetBeansProjects/MucahitYildirim_190309008_NesneTabProg_Proje/src/Proje/Envanter.java</file>
            <file>file:/C:/Users/pc/Documents/NetBeansProjects/MucahitYildirim_190309008_NesneTabProg_Proje/src/Proje/Enemy.java</file>
            <file>file:/C:/Users/pc/Documents/NetBeansProjects/MucahitYildirim_190309008_NesneTabProg_Proje/src/Proje/Game.java</file>
        </group>
    </open-files>
</project-private>
